|href|title|price|description|memory|ram|sys
0|https://www.avito.ru/moskva/telefony/iphone_14_pro_128vse_tsveta_2677301685?slocation=107620|iPhone 14 pro 128(все цвета)|82000|IPhone 14 pro 128. Новые. Запечатанные. Оперативно доставим до вашей точки 24/7. В любое время суток, сэкономив ваше время. Подарим стекло и чехол. Поможет перекинуть данные. Выкупим ваш старый телефон. Хорошего дня.|128|6.0|ios
1|https://www.avito.ru/moskva/telefony/iphone_13_pro_256_gb_graphit_novyy_2615471814?slocation=107620|iPhone 13 Pro 256 GB Graphit Новый|74990|Новый Оригинальный активированный Apple iPhone с гарантией и доставкой! IPhone 13 Pro 256 Gb — 79990 ₽. Цвет: Графит. Вашему вниманию представлена исключительно оригинальная продукция Apple. Все модели iPhone Вы можете найти в нашем профиле, по телефону или в личных сообщениях! Наличие и стоимость уточняйте у менеджера! Почему Выгодно Купить Айфон В Apple Inc.? 1. Все телефоны оригинальные, запечатанные, в коробках, с полным комплектом аксессуаров, кассовым чеком и гарантией! 2. Oперационная система Iоs! 3. Регистрируются с Аррlе Id! 4. Официaльно руcифицированы! 5. Все функции телефона полноценно работают! 6. Все симкарты работают! 7. Скачиваются приложения всех банков! 8. Выдаётся кассовый чек и гарантийный талон! 9. Доставка до двери, Помощь В Активации! 10. Предоставляется. Гарантия на бесплатное сервисное обслуживание сроком на 2 года! Гарантия 2 недели на обмен в случае брака! 11. Защитное бронестекло и силиконовый чехол в подарок! 12. Быстрое оформление заказа! 13. Оперативная доставка и вежливые курьеры! 14. Самовывоз в центре Москвы! 15. Продаём оригинальную технику Apple более 7 лет! 16. Лучшее качество и высокий сервис! 17. В случае брака или заводского дефекта наш магазин сделает быстрый обмен — Вы можете быть спокойны и уверены в гарантийном обслуживании после покупки! 18. Все наши покупатели очень довольны покупкой и возвращаются к нам снова и снова! Условия Покупки И Оплаты: Перед покупкой и перед оплатой Вы открываете упаковку, включаете и проверяете телефон! Для удобства наших покупателей создана курьерская служба, наши курьеры работают давно, покажут Вам, как проверить телефон на оригинальность на официальном сайте Apple, также при необходимости сделают настройки телефона, перенос данных, создание Apple ID и окажут любую помощь! Оплата после получения и проверки! Доставка по Москве от 1-2 часов и по Московской области от 3 часов! Для постоянных покупателей предусмотрены скидки и подарки! Подпишитесь на наш интернет магазин оригинальных смартфонов Эппл, добавьте объявление в избранное, чтобы быть в курсе новостей и выгодных предложений и акций! Звоните или пишите прямо сейчас, чтобы купить новый оригинальный Айфон с курьерской доставкой и гарантией 2 года! Если не дозвонились, напишите сообщение — наш менеджер свяжется с Вами в ближайшее время! Звоните с 8:00 до 21:00, с радостью ответим на любые вопросы!|256|6.0|ios
2|https://www.avito.ru/moskva/telefony/iphone_11_pro_256_gb_vse_tsveta_original_2742923842?slocation=107620|iPhone 11 Pro 256 Gb все цвета / оригинал|37990|Друзья, прежде чем звонить и писать, ознакомьтесь, пожалуйста, с описанием объявления! Доступен видеообзор, листайте вправо, 2-й слайд! IPhone 11 Pro 256 Gb — 37 990 руб. Оригинал, в заводской плёнке, запечатанный в коробку с полным комплектом. Работают все функции без исключений. Sim-free, работает с любым оператором связи. Официально русифицированы. Поддержка всех последних обновлений ios. Можно проверить на официальном сайте Apple. Ref, проверен про 34 пунктам. Телефон выглядит абсолютно как новый, отлично подойдет в качестве подарка! Остерегайтесь недобросовестных продавцов, многие продают восстановленные по видом новых! Почему мы: 5 лет на рынке восстановленных смартфонов, мы отобрали лучших поставщиков и лучшие телефоны. Мы уверены в своих устройствах, у вас есть целых 7 дней на обмен и гарантия до 1 года! Быстрая доставка в течение дня. Комфортный самовывоз рядом с м. Савеловская. Приветствуем любые проверки (можно распаковать и активировать). Доступна оплата кредитной картой (+3% комиссия). Активация/настройка/установка приложений. Подарок для каждого клиента! График работы — ежедневно с 10:00 до 20:00. Ждем ваших звонков! Артикул: N77i76c58901728.|256|4.0|ios
3|https://www.avito.ru/moskva/telefony/iphone_14_pro_max_256_vse_tsveta_2663571381|iPhone 14 pro max 256 (все цвета )|98000|Бесплатная Доставка по Москве. IPhone 14 pro max. Новый! Оригинальный. В подарок защитное стекло и чехол. Выгодный trade — in обменяем ваш старый телефон с доплатой на новый прямо у вас и вам не нужно никуда ехать. Поможем перенести данные. Отправка в регионы. Подпишись, что бы не потерять нас.|256|6.0|ios
4|https://www.avito.ru/moskva/telefony/galaxy_s20_fe_snapdragon_sm-g780g_2900371359|Galaxy s20 fe Snapdragon SM-G780G|20000|Продам отличный смартфон в отличном состоянии. Ни сколов ни царапин, сзади до сих пор заводская пленка. Телефон на снапе, что в разы лучше версий на эксинос, которые в основном у нас и продавались, как по батарее так и по быстродействию. Комплект на фото, зарядка быстрая. От всего абсолютно отвязан. Срочно, без торга. В продаже до понедельника.|128|6.0|android
5|https://www.avito.ru/moskva/telefony/iphone_8_2646904817|iPhone 8|6990|IPhone 8. Не восстановленные! Примем вашу технику в зачет стоимости новой! IPhone 8 64GB — от 6 990. Сколы у лотка. Гарантия от 2-х недель до 3-х месяцев на проверку, далее Год сервисного обслуживания! Оригинальные экраны и корпуса на наших телефонах. Любые проверки перед покупкой — Приветствуем! Терминал для оплаты банковской картой! Доставка в пределах Кад Бесплатно! Кредит и Рассрочка от 10 банков. Купим ваш телефон / трейд-ин. - Больше о нас Вы можете узнать в нашей группе вконтакте и Инстаграм. - Более 500 положительных отзывов в интернете! - Если телефон окажется не оригинальным — вернем деньги! Наши магазины расположены в Москве, Санкт-Петербурге и Самаре. Наш адрес в Москве: м. Багратионовская, ул. Барклая, д. 10. Торговый Центр Багратионовский, 1 этаж, секция А-21, вход с парковки. Магазин Miraphone. Подробности уточняйте у продавца. Звоните!|64|2.0|ios
6|https://www.avito.ru/moskva/telefony/telefon_iphone_11_64gb_red_2850278571?slocation=107620|Телефон iPhone 11 64gb red|23000|Продам телефон в отличном состоянии: все работает как надо, аккумулятор держит заряд, на экране — защитный экран Remax (илюбые проверки на месте. Не вскрывался. Без сколов и дефектов. Спользовался с защитным стеклом). Полный комплект: на фото. Ростест.|64|4.0|ios
7|https://www.avito.ru/moskva/telefony/iphone_13_pro_max_zelenyygreen_novyy_2798345309?slocation=107620|iPhone 13 pro max зелёный,green новый|84000|Iphone 13 pro max новый, запечатанный с гарантией. О телефоне. — 256 Gb, Гб. — Зелёного цвета, Green. В наличии большой ассортимент есть разные цвета и объём памяти данной модели. Голубой, Зелёный, Золотистый, Серебристый, Серый, Blue, Green, Gold, Silver, Grey. Также спрашивайте про другие модели. У нас большой ассортимент. Покупая у нас вы получаете! — Гарантия в 1 год. — Обмен в течение 14 дней. Если что то не устроит. — Кассовый чек и гарантийный талон. Доставка. — Оплачиваете после проверки. — Бесплатная доставка по Москве до двери. — Можно оплатить наличными или картой.|256|6.0|ios
8|https://www.avito.ru/moskva/telefony/iphone_14_pro_max_512gb._vse_tsveta_v_nalichii_2533646462|iPhone 14 Pro Max 512Gb. Все цвета в наличии|113990|Акция: обменяй свой старый смартфон на новый и получи хорошую скидку по программе Trade-in. При покупке смартфона — беспроводные наушники, часы и аксессуары по специальной цене. Салон связи «В сети» приветствует вас. Мы занимаемся честной продажей и trade-in (обменом) смартфонов и портативной электроники уже 9 лет. Оригинальная продукция. Официальная гарантия. Apple iPhone 14 Про Макс 512 Гб. Цвет: Фиолетовый (Deep purple). Все цвета в наличии. ℹ Смартфон абсолютно Новый, запечатанный, оригинальный, не восстановленный. Установим Сбербанк и Альфу. Быстро перенесем ваши данные со старого устройства на новое. Любые проверки перед покупкой. Предоставляем товарный и кассовый чек. Широкий ассортимент аксессуаров. Скидки постоянным клиентам. Экспресс-доставка по Москве и МО в течении 3 часов. Доставка по всей России. Мы гарантируем оригинальность всех наших товаров и дорожим своей репутацией. Мы всегда с вами на связи, готовы проконсультировать и помочь вам в любой момент. Остерегайтесь мошенников. Адрес магазина: метро Савёловская, ул. Сущёвский вал, 5с20, ТД Савёловский, павильон L-0. Цена указана за смартфон в модификации: 2 esim, без физической сим-карты (США). Так же в наличии есть для разных стран (с 1 физической сим-картой + esim или на 2 физические сим-карты). Актуальную цену уточняйте у менеджеров.|512|6.0|ios
9|https://www.avito.ru/moskva/telefony/iphone_8_plus_2712947035?slocation=107620|iPhone 8 Plus|9500|IPhone 8 Plus, идеальное состояние, Акб 100%, Цена: 9500.|128|3.0|ios
10|https://www.avito.ru/moskva/telefony/iphone_14_pro_2541703335|iPhone 14 PRO|84990|Оригинальныйhоbыйв Наличии. Цена указана за: iPhone 14 Pro 128Gb Space Black / Айфон 14 Про 128Гб Черный космос. Звоните Или Пишите. Количество Товара Ограничено! Звоните и резервируйте прямо сейчас, оплачивайте после полной проверки! Никаких предоплат! Оплата только по факту получения товара! 100% новая оригинальная продукция. Любые проверки перед покупкой. 9 лет на рынке. 5 Авито (600+ реальных отзывов). Проверенный партнер. Доставка по Мск и области — от 2х часов. Доставка в регионы Сдек. Самовывоз из магазин. Безналичный расчет (+6% без Ндс). Услуга Тrаdе-In ваших старых девайсов. Официальная Гарантия производителя. Гарантия магазина по чеку. Огромный выбор аксессуаров. Магазин ул Барклая 8 (ТЦ Горбушка). Ежедневно С 10:00 ДО 21:00. Звоните Или Пишите. Будем рады проконсультировать и подобрать для вас максимально подходящий девайс). Цена в объявлении указана за версию esim ( Америка). Для уточнения стоимости на другие виды сим-карт звоните или пишите в личные сообщения.|128|6.0|ios
11|https://www.avito.ru/moskva/telefony/iphone_14_pro_128gb_chernyy_kosmos_2553387458|iPhone 14 Pro 128Gb Черный космос|86990|У нас вы можете купить новый оригинальный смартфон Apple iPhone 14 Pro 128 Gb. Указана минимальная цена за Американскую версию только с esim. Стоимость версии с Sim и 2sim уточняйте в сообщениях и по телефону. Запакованный, не обменный и не восстановленный. Мы успешно работаем с 2011 года! Наши отзывы говорят сами за себя. Смартфон: Apple iPhone 14 Pro / Айфон 14 Про. Цвет: Черный космос / Space black. Вы можете проверить устройство до покупки, мы уверены в качестве наших товаров. Trade IN. Мы даем 14 дней на обмен/возврат для проверки качества. А также помогаем с отправкой телефонов по мировой гарантии. Скидки постоянным клиентам. Профессиональные менеджеры окажут полную консультацию. Свой интернет-магазин. Наличие и стоимость вы можете уточнить по телефону или в личных сообщениях. Самовывоз: каждый день с 10:00 до 20:30. Оперативная курьерская Доставка: по Москве и Московской области. Отправка По России транспортной компанией сразу после оплаты. Москва, м. Багратионовская, Барклая 8, отдельный вход со двора ТЦ «Горбушка», Vip-паркинг, вывеска «Upstore24». 4 минуты от метро / парковка рядом с магазином. Мы гарантируем оригинальность продукции Apple и дорожим своей репутацией. Мы всегда с вами на связи, даже после покупки. До встречи!|128|6.0|ios
12|https://www.avito.ru/moskva/telefony/iphone_14_pro_max_512_gold_2758291172?slocation=107620|iPhone 14 Pro Max 512 gold|12499|Телефон новый. Полный комплект. Не активированный запечатанный. Чехол в подарок.|512|6.0|ios
13|https://www.avito.ru/himki/telefony/telefon_iphone_13_pro_max_256_nebesno_goluboy_2698878398?slocation=107620|Телефон iPhone 13 pro max 256 Небесно Голубой|81100|Совершенно новый. Лежал не активировался. Активировал вчера. В организации дарили как только он вышел. Полный комплект: В отличном состоянии. Зарядное устройство. Коробка. Отвязан от всех аккаунтов. Все детали в рабочем состоянии. Любые проверки на месте. Без сколов и дефектов.|256|8.0|ios
14|https://www.avito.ru/moskva/telefony/apple_iphone_x_256gb_2661581183|Apple iPhone X 256GB|14000|Полный комплект: Зарядное устройство. Наушники. Коробка. В отличном состоянии. Отвязан от всех аккаунтов. Чехол в подарок. Использовался с защитным стеклом. Все детали в рабочем состоянии. Любые проверки на месте. Не вскрывался. Без сколов и дефектов.|256|3.0|ios
15|https://www.avito.ru/moskva/telefony/iphone_14_pro_256_2776920531|iPhone 14 pro 256|88990|В нашем магазине вы можете приобрести гаджеты мировых брендов. Внимание! Уважаемые клиенты, в связи с нестабильным курсом доллара, цены могут меняться. Любая проверка на оригинальность перед покупкой. Работаем по системе Trade-in(сдай старое и приобрети с доплатой новое). Предоставляем кассовый чек и товарный чек. Постоянным клиентом скидка. Бронь товара на час без предоплаты. Просьба предупреждать о выезде заблаговременно, так как товара может не оказаться. О наличии и стоимости, Вы можете уточнить по телефону и в личных сообщениях. Гарантия: 7дней на заводской брак, со дня покупки. Год на сервисное обслуживания. Способ оплаты: Наличными. Переводом. Оплата через пост-терминал. (по карте)9%. Доставка: Доставка по Москве нашими курьерами. Отправка в регионы через Сдэк(при условии полной оплаты). Звоните И Пишите 24/7. Поможем с выбором и про консультируем. Наш адрес: Москва м. Багратионовская, Барклая 8. БЦ Рубин 5 минут от метро. Имеется паркинг.|256|6.0|ios
16|https://www.avito.ru/moskva/telefony/vivo_y91c_2788575519?slocation=107620|Vivo Y91C|4500|Продаю Vivo Y91C. Телефон в хорошем состоянии, наклеена защитная плёнка. Коробка от телефона прилагается. Нахожусь днём в 5 минутах от м. Автозаводская. В выходные г. Видное. По почте не отправляю, продаю руки в руки.|32|2.0|android
17|https://www.avito.ru/moskva/telefony/iphone_xr_v_korpuse_1314_pro_2653740926?slocation=107620|iPhone xr в корпусе 13/14 pro|16590|Оригинальный Iphone XR В Корпусе 13/14 Pro. Напишите сейчас и получите скидку на розничную покупку. Объем памяти 128Gb. Аккумулятор 100%. Реальная гарантия от магазина 30 дней. Плоский экран. Оригинальные комплектующие Apple. Face ID. True Tone. Беспроводная зарядка. Собран на лицензированных заводах. Полный комплект. Мы реальный магазин и при покупке вы получаете чек, подтверждающий покупку. Доставка по Москве и МО: от 150р. Доставка по по всей России: Сдеком. Цена указана за опт. По всем вопросам ждем вас в личных сообщениях.|128|3.0|ios
18|https://www.avito.ru/moskva/telefony/smartfon_realme_c35_2857788727?slocation=107620|Смартфон realme c35|6000|Телефон БУ. В отличном состоянии. Продаю с чехлом и полным комплектом.|128|6.0|android
19|https://www.avito.ru/moskva/telefony/iphone_14_pro_256gb._vse_tsveta_v_nalichii_2533564383?slocation=107620|iPhone 14 Pro 256Gb. Все цвета в наличии|88990|Акция: обменяй свой старый смартфон на новый и получи хорошую скидку по программе Trade-in. При покупке смартфона — беспроводные наушники, часы и аксессуары по специальной цене. Салон связи «В сети» приветствует вас. Мы занимаемся честной продажей и trade-in (обменом) смартфонов и портативной электроники уже 9 лет. Оригинальная продукция. Официальная гарантия. Apple iPhone 14 Про 256 Гб. Цвет: Фиолетовый (Deep purple). Все цвета в наличии. ℹ Смартфон абсолютно Новый, запечатанный, оригинальный, не восстановленный. Установим Сбербанк и Альфу. Быстро перенесем ваши данные со старого устройства на новое. Любые проверки перед покупкой. Предоставляем товарный и кассовый чек. Широкий ассортимент аксессуаров. Скидки постоянным клиентам. Экспресс-доставка по Москве и МО в течении 3 часов. Доставка по всей России. Мы гарантируем оригинальность всех наших товаров и дорожим своей репутацией. Мы всегда с вами на связи, готовы проконсультировать и помочь вам в любой момент. Остерегайтесь мошенников. Адрес магазина: метро Савёловская, ул. Сущёвский вал, 5с20, ТД Савёловский, павильон L-0. Цена указана за смартфон в модификации: 2 esim, без физической сим-карты (США).|256|6.0|ios
20|https://www.avito.ru/moskva/telefony/iphone_xr_v_korpuse_13_pro_128_gb_2541110563?slocation=107620|iPhone Xr в корпусе 13 pro 128 гб|19500|Описание. Новый Оригинальный iPhone Xr в корпусе 13 pro 128 gb Black Night. Арт 11-23-21-12-42-12. Напишите или позвоните нам прямо сейчас. Есть магазин в Москве, можно приехать посмотреть все в живую, либо можно заказать на доставку по Москве с оплатой при получении! Гарантия 60 дней + 1 Год сервисного обслуживания! Оригинал, не подделка! Абсолютно новый — ни единой пылинки, царапинки. Все функции работают: Face ID, True Tone, беспроводная зарядка, связь и т. Д. Обновление до последнего ios поддерживает без проблем. Напишите или позвоните. Пишите на авито, либо звоните по указанному номеру телефона — Быстро Ответим Всем! Лот 12-32-21-32-21-34-00-32-12-21-00-21. Работаем ежедневно! В наличии есть и другие модели. Смотрите профиль. Нажмите «Подписаться», чтобы не пропустить лучшие цены! Оплата: Наличный расчёт. Безналичный расчёт. Позвони или Напиши прямо сейчас и получи хорошую Скидку на аксессуары. Арт 11-21-32-12-43-23-22-00-43-00-00. Добавляй в Избранное. Звоните и пишите, наш менеджер ответит вам в течении 10 минут. Все есть в наличии! Цена Оптовая. В розницу уточняйте.|128|3.0|ios
21|https://www.avito.ru/moskva/telefony/iphone_13_mini_128gb_pink_rst_ot_16.12.22_ideal_2789067223|iPhone 13 mini 128Gb Pink рст от 16.12.22 идеал|46990|Есть Trade IN (обмен, выкуп) Вашей техники Apple без ремонта и поломок. IPhone 13 mini 128Gb Ростест. Цвет: Pink. Аккумулятор 100%. Заряжен всего 41 раз. На официальной гарантии от Apple до 15 декабря 2024 года. Полностью оригинальный iPhone, не подвергался ремонту и вскрытию! У меня только так! Телефон в Новом внешнем состоянии. Весь функционал работает на 100%. Полный заводской комплект. Данный телефон был предназначен для использования, как витринный образец, но никогда не использовался по назначению. Аксессуары и стёкла можно приобрести дополнительно. Больше интересных объявлений в профиле! В наличии есть новые, неактивированные iPhone (уточняйте ассортимент и цены в сообщениях). Также есть предзаказ на б/у iPhone по Вашим критериям! Мое добросовестное отношение к вам выражено в отзывах других покупателей, смотрите профиль.|128|4.0|ios
22|https://www.avito.ru/moskva/telefony/telefon_iphone_x_2750451827?slocation=107620|Телефон iPhone x|6500|Продам срочно. Айфон Аккум на 87%. Срочно нужны деньги.|64|3.0|ios
23|https://www.avito.ru/moskva/telefony/iphone_14_pro_max_128_vse_tsveta_2626797179|iPhone 14 pro max 128 все цвета|92990|В нашем магазине filin-smart вы можете купить новый, оригинальный Iphone 14 pro max 128 GB. Запакованный, не обменный и не восстановленный. Мы работаем на рынке 12 лет и хорошо зарекомендовали себя среди покупателей, поэтому предлагаем вашему вниманию полный асортимент от компании Apple на любой вкус и цвет. Предоставляем товарный и кассовый чек. Год гарантии от нашего магазина. 14 дней на обмен/возврат для проверки качества. Оплата при получении. Оплата по карте. Скидки постоянным клиентам. Свой интернет-магазин filin-smart. Трейд-Ин обмен старой техники на новую с доплатой. Перед покупкой проверка на официальном сайте. Самовывоз: каждый день с 10.30 до 20:00. Доставка: по Москве и Московской области. Отправка в регионы компанией Сдек. Цена может меняться из-за курса доллара. Уточняйте наличие и цену в сообщениях либо по телефону. Наши продавцы всегда проконсультируют и предложат что лучше выбрать. Мы дорожим своей репутацией и гарантируем что наш товар исключительно новый и оригинальный. Всегда на связи! Наш магазин находится по адресу. Метро Фили. Багратионовский проезд д7к20в. Бизнес центр Конвент. 346 офис. Бесплатная парковка ТЦ Филион 2 часа бесплатно. Мы не горбушка, не путайте пожалуйста находимся в соседнем здании.|128|6.0|ios
24|https://www.avito.ru/moskva/telefony/iphone_14_plus_256gb_2723734220?slocation=107620|iPhone 14 Plus 256Gb|67970|Trade-in на привлекательных условиях. Абсолютно новые, запечатанные, неактивированные. IPhone 14 Plus 256Gb Midnight Сшa. С официальным чеком. E-sim, есть и другие версии. Работает с любыми операторами по всему миру. He восстановленный и нe был в пользовании. В наличии. Возможна оплата картой. Самовывоз из магазина, экспресс-доставка по Москве, Авито-доставка, а также выгодная доставка Сдэк (по России и Беларуси от 200₽). У нас Вы всегда найдёте оригинальные устройства по привлекательным ценам. Почему стоит покупать именно у нас? Мы занимаемся мобильной электроникой с 2007 года. Только оригинальная продукция. Возможность вживую посмотреть и выбрать понравившуюся модель в нашем магазине. Покупая у нас Вы всегда будете уверены в стабильной работе Вашей техники. Поможем перенести данные абсолютно бесплатно. Заберем Ваш предыдущий смартфон по лучшим ценам в городе. Цены зависят от многих факторов, поэтому возможны изменения. Пожалуйста, уточняйте. Хорошего дня.|256|6.0|ios
25|https://www.avito.ru/moskva/telefony/iphone_8_v_idealnom_sostoyaniiakb100_2638417564?slocation=107620|iPhone 8 (в идеальном состоянии)(акб100)|9950|Продается iPhone 8 в идеальнейшем состоянии! Полный комплект: коробка, зарядка, наушники, документы! Акб 100%. Пользовалась девушка всегда в чехлах и защитном стекле, оно установлено и сейчас под ним экран просто как новый, так же в подарок отдадим чехол! Все функции работают идеально в том числе и тач айди и тру тон и тридэ тач! Доставка только по Москве! Торг не предлагать! Перекупам не писать! Отдадим только в хорошие руки, так как он просто как новый из магазина!).|64|2.0|ios
26|https://www.avito.ru/moskva/telefony/iphone_14_pro_256gb._vse_tsveta_v_nalichii_2533626808|iPhone 14 Pro 256Gb. Все цвета в наличии|88990|Акция: обменяй свой старый смартфон на новый и получи хорошую скидку по программе Trade-in. При покупке смартфона — беспроводные наушники, часы и аксессуары по специальной цене. Салон связи «В сети» приветствует вас. Мы занимаемся честной продажей и trade-in (обменом) смартфонов и портативной электроники уже 9 лет. Оригинальная продукция. Официальная гарантия. Apple iPhone 14 Про 256 Гб. Цвет: Черный (Space black). Все цвета в наличии. ℹ Смартфон абсолютно Новый, запечатанный, оригинальный, не восстановленный. Установим Сбербанк и Альфу. Быстро перенесем ваши данные со старого устройства на новое. Любые проверки перед покупкой. Предоставляем товарный и кассовый чек. Широкий ассортимент аксессуаров. Скидки постоянным клиентам. Экспресс-доставка по Москве и МО в течении 3 часов. Доставка по всей России. Мы гарантируем оригинальность всех наших товаров и дорожим своей репутацией. Мы всегда с вами на связи, готовы проконсультировать и помочь вам в любой момент. Остерегайтесь мошенников. Адрес магазина: метро Савёловская, ул. Сущёвский вал, 5с20, ТД Савёловский, павильон L-0. Цена указана за смартфон в модификации: 2 esim, без физической сим-карты (США). Так же в наличии есть для разных стран (с 1 физической сим-картой + esim или на 2 физические сим-карты). Актуальную цену уточняйте у менеджеров.|256|6.0|ios
27|https://www.avito.ru/moskva/telefony/xiaomi_poco_x3_pro_8_256_2750062965|Xiaomi poco X3 pro 8 256|10000|Продаю poco x3 pro в отличном состоянии.|256|8.0|android
28|https://www.avito.ru/moskva/telefony/iphone_14_pro_256_vse_tsveta_2822293099?slocation=107620|iPhone 14 pro 256 все цвета|92990|IPhone 14 pro 256 gb золотистый. Новый. Не активированный. Работает со всеми операторами. Физический сим + Есим. Запечатанный (в заводских пломбах). Любые проверки перед покупкой. Гарантия от магазина + чек. Пишите нам слова «Подарок» и получайте чехол в подарок. Если вы покупаете для подарок, мы можем упаковать в подарочный пакет ваш телефончик. Поможем перенести данный, с старого телефон на новый. Оплата наличными или перевод. Оплата с картой +7%. Доставка по Москве в течении 1-2 часа. Улица Барклая дом 8 (ТЦ горбушка первый этаж для самовывоза.). График работы с 10:00 до 20:00. Просьба перед приездом бронируйте свой товар, во избежание казусов по наличию! Мы гарантируем оригинальность продукции Apple и дорожим своей репутацией. Мы всегда с вами на связи, даже после покупки.|256|6.0|ios
29|https://www.avito.ru/moskva/telefony/iphone_14_pro_max_256gb_space_black_2631482384?slocation=107620|iPhone 14 Pro Max 256gb space black|12498|Доставка работает по Москве и регионы России! Товар всегда в наличии по лучшей цене! Телефон новый проверенный! Комплект телефон, провод для зарядки телефона, коробка, документы. Чехол в подарок! Подпишись на профиль, постоянным клиентам скидка! Все вопросы по телефону.|256|6.0|ios
30|https://www.avito.ru/moskva/telefony/iphone_11_64gb_2816042063|iPhone 11 64Gb|25990|IPhone 11 64Gb. В хорошем состоянии, не ремонтировался, не вскрывался. Гарантия от магазина! Огромный ассортимент мобильной техники, не имеющие аналогов на рынке. Возможен Тrаdе-IN на любое устройство. Рассрочкa 0% — 0% — 36 месяцев. Кpедит от 12 банкoв от 0.5% в месяц. Ремонт/аксессуары. ТК Горбушка 110 павильон. Звоните!|64|4.0|ios
31|https://www.avito.ru/moskva/telefony/telefon_samsung_galaxy_a02_2798254346?slocation=107620|Телефон samsung galaxy a02|5000|В отличном состоянии. Зарядное устройство. Коробка. Ростест. Отвязан от всех аккаунтов. Все детали в рабочем состоянии. Любые проверки на месте. Без сколов и дефектов.|32|2.0|android
32|https://www.avito.ru/moskva/telefony/iphone_13_128gb_2360947878|iPhone 13 128Gb|57790|У нас можно купить новый Оригинальный Apple iPhone 13 с Официальной гарантией от производителя. Запакованный, не обменный и не восстановленный. Мы успешно работаем с 2011 года! 5 звезд на Авито! И только реальные отзывы. Смартфон Apple iPhone Айфон 13. Указана минимальная цена за Японскую версию. Стоимость и наличие этого и других вариантов уточняйте в сообщениях. Больше товаров в нашем профиле. Предоставляем товарный и кассовый чек. Официальная гарантия в любом сервисном центре Apple на RU/a. Помимо официальной гарантии мы даем 14 дней на обмен/возврат для проверки качества. А также помогаем с отправкой телефонов по мировой гарантии. Доставка. Оплата при получении (при доставке по Москве и ближайшей области). Доставка в регионы транспортной компанией Сдэк. Скидки постоянным клиентам. Профессиональные менеджеры окажут полную консультацию. Свой интернет-магазин Upstore24. Вы можете проверить устройство до покупки, мы уверены в качестве наших товаров. Trade IN. Наличие и стоимость вы можете уточнить по телефону или в личных сообщениях. Самовывоз: каждый день с 10 до 20:30. Оперативная курьерская Доставка: по Москве и Московской области. Москва, м. Багратионовская, Барклая 8, отдельный вход со двора ТЦ «Горбушка», Vip-паркинг, вывеска «Upstore24». 4 минуты от метро / парковка рядом с магазином. Мы гарантируем оригинальность продукции Apple и дорожим своей репутацией. Мы всегда с вами на связи, даже после покупки. До встречи!|128|4.0|ios
33|https://www.avito.ru/balashiha/telefony/telefon_samsung_a_23_464_2822555496|Телефон Samsung a 23 4/64|13000|Брал 10 штук в офис 1 не понадобился ни разу не включался куплен сегодня.|64|4.0|android
34|https://www.avito.ru/noginsk/telefony/samsung_galaxy_a7_2018_64_2798399332|Samsung galaxy a7 2018 64|6000|В отличном состоянии.|64|4.0|android
35|https://www.avito.ru/moskva/telefony/iphone_x_silver_256_gb_novyy_2615336379?slocation=107620|iPhone X Silver 256 GB Новый|19990|Новый Оригинальный активированный Apple iPhone с гарантией и доставкой! IPhone X 256Gb — 18990. Цвет: Белый. Вашему вниманию представлена исключительно оригинальная продукция Apple. Все модели iPhone Вы можете найти в нашем профиле, по телефону или в личных сообщениях! Наличие и стоимость уточняйте у менеджера! Почему Выгодно Купить Айфон В Apple Inc.? 1. Все телефоны оригинальные, запечатанные, в коробках, с полным комплектом аксессуаров, кассовым чеком и гарантией! 2. Oперационная система Iоs! 3. Регистрируются с Аррlе Id! 4. Официaльно руcифицированы! 5. Все функции телефона полноценно работают! 6. Все симкарты работают! 7. Скачиваются приложения всех банков! 8. Выдаётся кассовый чек и гарантийный талон! 9. Доставка до двери, Помощь В Активации! 10. Предоставляется. Гарантия на бесплатное сервисное обслуживание сроком на 2 года! Гарантия 2 недели на обмен в случае брака! 11. Защитное бронестекло и силиконовый чехол в подарок! 12. Быстрое оформление заказа! 13. Оперативная доставка и вежливые курьеры! 14. Самовывоз в центре Москвы! 15. Продаём оригинальную технику Apple более 7 лет! 16. Лучшее качество и высокий сервис! 17. В случае брака или заводского дефекта наш магазин сделает быстрый обмен — Вы можете быть спокойны и уверены в гарантийном обслуживании после покупки! 18. Все наши покупатели очень довольны покупкой и возвращаются к нам снова и снова! Условия Покупки И Оплаты: Перед покупкой и перед оплатой Вы открываете упаковку, включаете и проверяете телефон! Для удобства наших покупателей создана курьерская служба, наши курьеры работают давно, покажут Вам, как проверить телефон на оригинальность на официальном сайте Apple, также при необходимости сделают настройки телефона, перенос данных, создание Apple ID и окажут любую помощь! Оплата после получения и проверки! Доставка по Москве от 1-2 часов и по Московской области от 3 часов! Для постоянных покупателей предусмотрены скидки и подарки! Подпишитесь на наш интернет магазин оригинальных смартфонов Эппл, добавьте объявление в избранное, чтобы быть в курсе новостей и выгодных предложений и акций! Звоните или пишите прямо сейчас, чтобы купить новый оригинальный Айфон с курьерской доставкой и гарантией 2 года! Если не дозвонились, напишите сообщение — наш менеджер свяжется с Вами в ближайшее время! Звоните с 8:00 до 21:00, с радостью ответим на любые вопросы! Рфб.|256|3.0|ios
36|https://www.avito.ru/moskva/telefony/iphone_14_pro_128_gb_deep_purple_fioletovyy_2707583787|iPhone 14 Pro 128 Gb Deep Purple (Фиолетовый)|81490|Стоимость за iPhone 14 Pro 128 Gb Deep Purple (Айфон 14 Про 128 Гб Фиолетовый). Вы всегда можете уточнить наличие и стоимость! Гарантия от нашего магазина «Multi Opt» на проверку устройства. IPhone 14 Pro 128 Gb Deep Purple (Фиолетовый). Абсолютно новый. Не вскрытый (на заводских пломбах). Неактивированный. Полная комплектация от завода. Оригинальный. Международная гарантия от производителя 1 год и нашего магазина на проверку устройства! Любые проверки с вашей стороны. Большой выбор аксессуаров. Бесплатная поклейка защитного стекла. Оплата: Наличными в магазине или курьеру при доставке. Переводом, только при оформлении доставки через транспортную компанию «Сдэк». Мы находимся по адресу: м. Багратионовская, Багратионовский проезд, д. 7, корп. 3, ТЦ «Горбушкин Двор». Время работы: Пн-Вс с 11 до 20 часов. Сообщения на Авито принимаются круглосуточно, отвечаем в рабочие часы! Доставка: По Москве и области — от 700 руб. (Требуется предоплата на сумму доставки!). По всей России: Отправка транспортной компанией «Сдэк» после 100% оплаты заказа. В связи с нестабильностью курса валют, уточняйте пожалуйста стоимость, Спасибо за понимание! Перед самовывозом обязательно уточняйте наличии и убедительно просим Вас резервировать интересующий товар! Пишите или звоните по любым вопросам, связанным с товаром! Работаем с 2017 Мы дорожим качеством оказываемых услуг и продаваемых товаров, поэтому всегда на связи с нашими клиентами, даже после покупки! Есим + Есим.|128|6.0|ios
37|https://www.avito.ru/moskva/telefony/iphone_xr_v_korpuse_13_pro_2762415186|iPhone XR в корпусе 13 pro|16499|Оригинальный iPhone XR в корпусе 13 pro. Подарки первым 6ти клиентам! Полный Комплект, оплата после проверки телефона! Телефон Абсолютно Новый 30 дн гарантии + 1 Год сервисного обслуживания в подарок. Работаем с крупнейшими поставщиками по оптовым ценам. Высшее качество сборки — подтверждённое печатью компании. Абсолютно все функции работают: Face ID, True Tone, беспроводная зарядка, связь и Apple Pay. Обновление до последнего ios поддерживает без проблем. Протестирован на отсутствие брака. Приезжайте в магазин в любое удобное время. С 10: 00-22: 00. Магазин Работает Без Выходных (1 января искоючение). Доставка по Москве и МО в день заказа, так же есть самовывоз. Оплата после получения товара! В комплекте: сам телефон, коробка, провод, абсолютно все документы. Оплата: Наличный расчёт. Безналичный расчёт. Не стесняйтесь, звоните, пишите, задавайте вопросы. Мы всегда рады помочь вам в выборе и ответить на все ваши вопросы! Нажмите «Подписаться» чтобы не пропустить лучшие цены! Стоимость указана за опт. Цены уточняйте. Art: (.|128|3.0|ios
38|https://www.avito.ru/moskva/telefony/infinix_note_12_2023_813_gb256gb_50mp_g99_nfc_2674850596?slocation=107620|Infinix note 12 2023 8(13) GB/256GB 50MP G99 NFC|13990|"Infinix Note 12 2023 4G Nfc новый Рст(Гарантия В России). Основные характеристики: Helio G99 6nm процессор. Ультрапрозрачная Тройная камера 50MP+16MP селфи. 6,7 ""Fhd + цветной дисплей Amoled. До 13 Гб расширенной оперативной памяти 8 Гб + 5Гб(расширенная). Хранилище 256Гб. Дизайн 7,8мм толщина. Батарея 5000мА, Быстрая и безопасная зарядка 33 Вт. Двойной динамик с Dts. 2 Nano слота для карт + TF расширенные слоты для карт. Gsm: B2/B3/B5/B8. Wcdma: B1 | 2 | 4 | 5 | 8. Fdd: B1 | 2 | 3 | 4 | 5 | 7 | 8 | 20 | 28A | 28B. Tdd: B38/B40/B41. Двойной динамик. Кабель Usb Type-C. 3,5 мм для наушников. Чехол. Полный комплект:"|256|8.0|android
39|https://www.avito.ru/moskva/telefony/iphone_13_128gb_vse_tsveta_novyy_2527286035?slocation=107620|iPhone 13 128gb все цвета (новый)|56990|Доброго времени суток! Продаю iPhone 13 на 128gb Новый. Также в наличии присутствуют и другие цвета! Уточняйте цену заранее. Внешнее описание: Телефон новый, неактивированный, запечатанный, все пломбы на месте. Купить и проверить данный телефон Вы можете у нас в офисе на фрунзенской, будем с радостью ждать! Присутствует доставка по Москве и в регионы, пишите для заказа! В комплект входит: кабель, коробка. (Также в офисе Вы можете приобрести дополнительные аксессуары). Также рассматриваю trade-in (обмен) или выкуп вашей техники только от Apple с доплатой в обе стороны. Почему стоит купить у меня? 1. Каждый гаджет, который я продаю является 100% оригиналом, за который я ручаюсь лично и не только словами, но и своей репутацией. 2. Я даю месяц гарантии для выявления скрытых дефектов. За три года продаж не было ни одной жалобы или возврата, так как оригинальная техника имеет свойства не ломаться и долговечно работать в отличие от рефа. 3. Благодаря последним обновлениям на avito, Вы можете видеть отзывы других покупателей и быть уверены в моей честности по отношению к вам!|128|4.0|ios
40|https://www.avito.ru/elektrougli/telefony/redmi_note_10_pro_8_128_2731058879|Redmi Note 10 Pro 8 128|12000|Redmi Note 10 Pro 8/128. Qualcomm Snapdragon 732G с 8 процессорными ядрами (2×Kryo 470 Gold @2,3 ггц + 6×Kryo 470 Silver @1,8 ггц). Графический процессор — Adreno 618. Версия Global со всеми обновлениями. Скоро прилетит Miui 14. Один владелец. Не разбирался. Не ремонтировался. Не тонул.|128|8.0|android
41|https://www.avito.ru/moskva/telefony/smartfon_honor_x30_12256_zolotoy_novyy_2900675351?slocation=107620|Смартфон Honor X30 12/256 золотой новый|25000|Замечательный мощный телефон с хорошей камерой. Но: без поддержки магазина Google Play и приложений из него ( Instagram, Facebook, и др.). Телеграм, Вк и другие российские приложения работают. В отличном состоянии. Зарядное устройство. Коробка. Переходник для розетки. Без сколов и дефектов.|256|12.0|android
42|https://www.avito.ru/moskva/telefony/iphone_14_pro_max_512gb_black_2768503957?slocation=107620|iPhone 14 pro max 512gb (black)|11997|Hовый. Вы всегдa можeте пpоверить телeфон пеpeд пoкупкoй. Вcе телефоны в завoдcкoй упакoвкe и зaщитныx плeнкаx. Аксессуары в подарок. Быстрая доставкa по Мoсквe и MО от 300₽. Оплата после получения. Бeзoпасная дoстaвкa по вcем гоpoдaм России. Работаем с авито доставкой. Пишите. Звоните 10:00-22:00.|512|6.0|ios
43|https://www.avito.ru/moskva/telefony/samsung_galaxy_z_flip3_256gb_2642490804?slocation=107620|Samsung galaxy z flip3 256gb|40000|Продаю смартфон Samsung Galaxy Z Flip 3. В использовании с июля 2022 по сентябрь 2022( меньше 3 месяцев). Оригинальный чехол Samsung ( стоил 4 тыс). Экран в заводской пленке, по гарантии в течение года можно 1 раз ее заменить. Шарнир в защитной пленке от царапин в цвет чехла. Полный комплект: провод и коробка. В отличном состоянии. На гарантии. Ростест. Есть чек. Чехол в подарок. Без сколов и дефектов. Торг реальному покупателю! Обмен не интересует.|256|8.0|android
44|https://www.avito.ru/moskva/telefony/sony_xperia_5_ii_ideal_2822037059|Sony Xperia 5 ii идеал|16900|Состояние идеальное. Нет никаких сколов и царапин. Экран без выгорания. В комплекте только сам телефон. Отправляю через Сдек, оплата после отправки товара. В наличии имеется 3шт. Можно оплатить наличными либо переводом на карту. Есть возможность проверить в офисе, подключим к Wi-Fi.|128|8.0|android
45|https://www.avito.ru/moskva/telefony/smartfon_realme_2748729293?slocation=107620|Смартфон realme|10000|Смартфон в безупречном состоянии, фактическое пользование чуть больше года, комплект заводской, полный, кабель и зарядка родные С комплектной коробкой/документацией. Камера Hawk Eye. С 64-мегапиксельным сверхчистым основным объективом. Snapdragon 730G. - непревзойденный процессор. 30 Вт Vooc Flash Charge 4.0. Заряжается в мгновение ока. Новейший встроенный сканер отпечатков. Пальцев с мгновенной разблокировкой 0,36 с. Экран. 6,4-дюймовый (16,2 см) полноэкранный экран с каплями росы. Текстура экрана Super Amoled. Соотношение экрана к корпусу 91,9%. Разрешение 2340 на 1080 пикселей. Corning Gorilla Glass 5. Уход за глазами без мерцания при низкой яркости. Новейший встроенный сканер отпечатков пальцев. Камера. 64-Мегапиксельная четырехъядерная камера с искусственным интеллектом. Со сверхширокоугольным, макрообъективом и портретным объективом. Фронтальная камера 32 Мп, поддержка четырех в одном. Основная камера 64 Мп. Сенсор Samsung GW1. Диафрагма f / 1.8. Размер сенсора 1/1.72. Объектив 6P. 8-Мегапиксельный широкоугольный объектив. Угол наклона 119°. Диафрагма f/2.25. Объектив 5P. Портретный объектив. Шесть портретных стилей. Макрообъектив. Расстояние съемки 4 см. Электрическая стабилизация изображения для передней и задней камеры. Аппаратное обеспечение. Qualcomm Snapdragon 730G. Восьмиядерный процессор. 8-нм технологический процесс. Тактовая частота до 2,2 ггц. Оперативная память Lpddr4x. 8 ГБ. Ufs 2.1 Rom. 128 ГБ. До 256 ГБ внешней памяти. Аккумулятор. 4000 мач (типичный). Сети. 802.11a/b/g/n/ac. Bluetooth 2.1 + Edr, 4.0, 5.0. Модель. 2G: Gsm: 850/900/1800/1900 мгц. 3G: Wcdma: полосы 1/5/8. 4G: Lte Fdd: полосы 1/3/5/7/8/20/28. TD-Lte: диапазон частот 38/40/41 (2535-2655 мгц). Датчики. Многофункциональный Nfc. Gps/Beidou/Galileo. Датчик освещенности. Датчик приближения. Датчик магнитной индукции. Гирометр. Датчик ускорения. Порты. Гарнитура 3,5 мм. Тип-C. Любые проверки на месте. Полный комплект: Коробка. В отличном состоянии. Отвязан от всех аккаунтов. Чехол в подарок. Использовался с защитным стеклом.|128|8.0|android
46|https://www.avito.ru/moskva/telefony/apple_iphone_13_256gb._siniy_2775449011?slocation=107620|Apple iPhone 13 256Gb. Синий|59900|Apple iPhone 13 256Gb. Синий. Официальный интернет магазин. Только оригинальная продукция Apple. Наши специалисты всегда на связи и. С радостью проконсультирую по всем вопросам. Быстрая доставка по Москве и Московской области! Оплата после получения. В другие регионы ТК Сдэк, Почтой Россий после оплаты товара. Оснoвные характеристики Apple iPhone 13: -Процессор Apple A15 Bionic. -Оперативная память 4 Гб. -Батарея 3095 мА·ч. -Экран 6,1 дюйма, Amoled, 60 гц. -Основная камера 12 Мп с f/1,6 + 12 Мп с f/2,4 (сверхширокоугольная). -Фронтальная камера 12 Мп. Артикул: v-0964. Звоните, действую Акции и Скидки! ∗подробности уточняйте у операторов.|256|4.0|ios
47|https://www.avito.ru/moskva/telefony/iphone_xr_v_korpuse_14_pro_2563439232?slocation=107620|iPhone XR в корпусе 14 Pro|16500|Новый Оригинальный iPhone Xr в корпусе 14 про. Напишите или позвоните нам прямо сейчас и получите, количество подарков ограничено, осталось 7 комплектов. Есть магазин в Москве, можно приехать посмотреть все в живую, либо можно заказать на доставку по Москве с оплатой при получении! Гарантия 60 дней + 1 Год сервисного обслуживания! Оригинал, не подделка! Абсолютно новый — ни единой пылинки, царапинки. Все функции работают: Face ID, True Tone, беспроводная зарядка, связь и т. Д. Обновление до последнего ios поддерживает без проблем. Напишите или позвоните. Пишите на авито, либо звоните по указанному номеру телефона — Быстро Ответим Всем! Работаем ежедневно! В наличии есть и другие модели. Смотрите профиль. Нажмите «Подписаться», чтобы не пропустить лучшие цены! Оплата: Наличный расчёт. Безналичный расчёт. Позвони или Напиши прямо сейчас и получи хорошую Скидку на аксессуары. Добавляй в Избранное. Звоните и пишите, наш менеджер ответит вам в течении 10 минут. Все есть в наличии! Цена Оптовая. В розницу уточняйте.|256|3.0|ios
48|https://www.avito.ru/moskva/telefony/iphone_xr_v_korpuse_14_pro_new_2796216864?slocation=107620|iPhone xr в корпусе 14 pro New|14990|Iphone XR в корпусе 14 Pro. Позвоните или напишите Нам прямо сейчас, что бы получить подарок к покупке! Полностью новый, ни одной царапины или пылинки. Можете приехать к нам и убедиться сами на все 100%. Самое главное — Гарантия на смартфон! Все функци работаю исправно: truetone. Face ID. Беспородная зарядка и т. Д. Оригинальный XR в корпусе от нового 14 Pro. Напишите или позвоните Нам — Ответим быстро и все подробно расскажем! Абсолютно никаких подводных камней! Цена указанная в объявлении — Актуальная! При покупке оптом и оплатой наличными. За розничной ценой обращайтесь по телефону. Все цвета в наличии! Работаем ежедневно! Самовывоз приветствуется! Так же есть доставка по городу! Так же больше моделей в профиле: Переходи и смотри. Артикул: Ару-142009.|128|3.0|ios
49|https://www.avito.ru/moskva/telefony/apple_iphone_13_256gb._siniy_2775449011?slocation=107620|Apple iPhone 13 256Gb. Синий|59900|Apple iPhone 13 256Gb. Синий. Официальный интернет магазин. Только оригинальная продукция Apple. Наши специалисты всегда на связи и. С радостью проконсультирую по всем вопросам. Быстрая доставка по Москве и Московской области! Оплата после получения. В другие регионы ТК Сдэк, Почтой Россий после оплаты товара. Оснoвные характеристики Apple iPhone 13: -Процессор Apple A15 Bionic. -Оперативная память 4 Гб. -Батарея 3095 мА·ч. -Экран 6,1 дюйма, Amoled, 60 гц. -Основная камера 12 Мп с f/1,6 + 12 Мп с f/2,4 (сверхширокоугольная). -Фронтальная камера 12 Мп. Артикул: v-0964. Звоните, действую Акции и Скидки! ∗подробности уточняйте у операторов.|256|4.0|ios
50|https://www.avito.ru/korolev/telefony/iphone_x_64_2811756521|iPhone x 64|13000|IPhone X64 американец. Фейс работает. Акб 100 процентов, меняли месяц назад. Торг.|64|3.0|ios
51|https://www.avito.ru/kotelniki/telefony/iphone_11_pro_max_256gb_gold_2785256185|iPhone 11 pro max 256gb gold|33200|IPhone 11 pro max 256, золотистый, Ростест. Покупали в магазине restore (чек на фото). Состояние хорошее, не вскрывался, не ломался, носился в чехле постоянно, корпус в идеальном состоянии. Есть царапина на экране примерно 3,5 см, не мешающая эксплуатации, но если заменить, то весь будет выглядеть как новенький. Отвязан от аккаунтов. В наличии коробка, 2 чехла — синий б/у, прозрачный новый. Причина продажи — подарили новый. Без доставки, только самовывоз. Вопросы желательно в чате, по телефону не всегда есть возможность ответить.|256|4.0|ios
52|https://www.avito.ru/moskva/telefony/telefon_s_internetom_senseit_l230_2752236456?slocation=107620|Телефон с интернетом senseit L230|2090|Абсолютно новый запечатанный мобильный телефон с интернетом. Мобильный Телефон С Поддержкой Сетей 4G/Lte И Двух Sim-картвстречайте! 4G/Lte — телефон Senseit L230! Вот вам задачка: есть Senseit L230 с поддержкой 4G/Lte и Wi-Fi, какой следует вывод? Правильно, поддержка функции «Точка-доступа». Senseit L230 работает на базе ОС Android, что позволяет устанавливать приложения из магазина приложений. Кстати, на клавиатурный блок сразу вынесена отдельная кнопка для приложения whatsapp. Senseit L230 может похвастаться 4 ГБ встроенной памяти на борту, поддержкой двух Sim-карт, наличием Bluetooth, яркого фонарика и фронтальной камеры.|4|0.512|android
53|https://www.avito.ru/moskva/telefony/iphone_xr_128_gb_original_bu_2632278448|iPhone XR 128 gb оригинал б/у|23900|Все отлично работает, покупался в феврале 2020 года. Есть чек. В комплекте коробка, lightning и адаптер. Аккумулятор 81%. Всегда носился в чехле, их очень много (на 5 фото), могу отдать, если нужно. Практически всегда был со стеклом или гидрогелевой пленкой, но был момент, когда непродолжительное время без, поэтому есть несколько маленьких царапок (на 4 фото без пленки, можно посмотреть), если с пленкой носить, то не видно почти. Есть 1 гидрогелевая пленка, если нужно отдам. Продаю в связи с покупкой нового телефона. Пишите.|128|3.0|ios
54|https://www.avito.ru/moskva/telefony/iphone_11_128gb_belyygarantiya100_akkumulyator_2816350548?slocation=107620|iPhone 11 128gb белый/гарантия/100 аккумулятор|19990|Доброго времени суток! Продаю абсолютно идеальный iPhone 11 128гб. - Напишите И Позвоните Прямо Сейчас и наш менеджер пришлёт вам живые фото. Напишите прямо сейчас и получите Февральские Скидки На Аксессуары. Доставка По Москве И Области От 150₽! —Индивидуальный Подход К Кажлму Клиенту! - Напишите И Позвоните Прямо Сейчас и наш менеджер пришлёт вам живые фото. В наличии iPhone 11 64гб: ориг дисплей. Ориг камера. Ориг телефон. Зеленый 3utools. Аккумулятор 100%. Чёрный/фиолетовый. Полный комплект. Запакованный. Батарейка%. Работают абсолютно все функции: Face ID, Tru tone, applepay(Nfc) связь, беспроводная зарядка и т. Д. Гарантия 14 дней на заводской брак и год сервисного обслуживания. Установим сбербанк за 500₽. Комплект: коробка от 11! -провод. -документы. -скрепка. Ios операционная система! Работает со всеми операторами. Поддержка беспроводной зарядки. * Большой и яркий дисплей. * Мощный процессор и графический ускоритель. * Есть ночной режим съемки. * Фронтальная камера умеет снимать широкоугольные фото. * Для улучшения фото используется машинное обучение Deep Fusion. - icloud. - Airdrop. - Apple Pay. - Face. - True Tonе. Технические характеристики Apple iPhone 11. * soc Apple A13 Bionic (6 ядер: 2 высокопроизводительных + 4 энергоэффективных) + система Neural Engine третьего поколения. * Сопроцессор движения Apple M13, включающий барометр, акселерометр, гироскоп и компас. * Сенсорный дисплей 6,1″, Ips, 1792×828, 326 ppi, емкостной, мультитач, с функцией обратной связи Taptic Engine. * Ram 3,75 ГБ. * Флэш-память 64/128/256 ГБ. * Поддержка карт памяти отсутствует. * Сотовая связь: Umts/Hspa/Hspa+/DC-Hsdpa (850, 900, 1700/2100, 1900, 2100 мгц); Gsm/Edge (850, 900, 1800, 1900 мгц), Lte Bands 1, 2, 3, 4, 5, 7, 8, 12, 13, 17, 18, 19, 20, 25, 26, 27, 28, 29, 30, 38, 39, 40, 41, поддержка Gigabit Lte. * Wi-Fi 802.11b/g/n/ac/ac (2,4 и 5 ггц; поддержка Mimo). * Bluetooth 5.0, A2dp, LE. * Nfc (только для Apple Pay). * Gps c A-Gps, Глонасс, Galileo и Qzss. * Универсальный разъем Lightning. * Камеры: фронтальная (12 Мп, видео 4К 30 к/с, 720р 240 к/с) и тыльная с двумя объективами (широкоугольный и сверхширокоугольный; оба — 12 Мп, съемка видео 4К 60 к/с). * Распознавание лица с помощью камеры truedepth. * Литий-полимерный аккумулятор 3110 мА·ч, несъемный. * Поддержка беспроводной зарядки стандарта Qi. * Габариты 151×76×8,3 мм. * Масса 194 г. * Защита IP68. Чехлы И Стёкла Смотрите В Наличии! Есть Самовывоз. Доставка по Москве и МО и РФ! Также Вы Можете Позвонить Нам По Видеозвонку И МЫ Вам Покажем Ваш Телефон! А Также Можем Выйти На Видео Связь В Отделение Сдека Или Почты( перед вашей пред оплатой). По Москве и МО отправляем курьером. Есть магазин в Москве, можно приехать посмотреть все в живую, либо можно заказать на доставку по Москве с оплатой при получении! Адрес: угрешская дом 2 строение 146, подъезд 1 (либо 3), этаж 1, офис 123. График: каждый день с 10:00 до 20:00. Почему именно мы. Мы даём гарантию 1 месяц на заводской брак +1 год на сервисное обслуживание. Каждый телефон проходит контроль качества. Работаем без выходных. Можем встретиться с вами лично. Возможность забрать самовывозом, предварительно проверив. Оплата после проверки телефона. Любые проверки с вашей стороны. Быстрая доставка, в течении дня. Доставка или отправка товара в день заказа. Доставка по Москве и Московской области (Оплата После Получения). Доставка по всей РФ по полной предоплате. Обмен не интересует. Рассрочки и кредита нет. Оплата: Наличный расчёт. Безналичный расчёт. Цена указана оптовая. Розничную цену уточняйте у менеджера! Для покупки звони, пиши или сразу приезжай в магазин! Количество товара ограничено! Добавь в избранное что бы не потерять. Наши Айфоны на 100% соответствуют заявленным свойствам. Доставка по всей РФ. Отличный подарок на 23 февраля и 8 марта! Позвоните нам или пишите и мы ответим на все ваши оставшиеся вопросы!|128|4.0|ios
55|https://www.avito.ru/moskva/telefony/telefon_xiaomi_note_9_pro_128_2835008540?slocation=107620|Телефон Xiaomi note 9 pro 128|10000|Redmi Note 9 pro 8/128 состояние отличное, батарейку держит 24часа царапин нет, не ремонтирован, не вскрывали, версия (Global) есть осколок на камере, на фото видно на камеру и на работу никак не влияет, фотографии выходят четко, зарядное устройство есть, коробки нет чехол в подарок).|128|8.0|android
56|https://www.avito.ru/lyubertsy/telefony/mobilnye_telefony_bu_samsung_s8_2797448291|Мобильные телефоны бу samsung s8|6350|Полный комплект: Зарядное устройство. Коробка. Использовался с защитным стеклом. Отвязан от всех аккаунтов. Чехол в подарок. Все детали в рабочем состоянии. Любые проверки на месте.|64|4.0|android
57|https://www.avito.ru/dmitrov/telefony/telefon_xiaomi_11t_pro_128gb_2635127288|Телефон Xiaomi 11T Pro 128гб|30000|Не Китай не интернет магазин покупал 03.09.2022 в теле2, наклеена дорогая матовая гидрогелевая пленка. Полный комплект из дома не выходил на гарантии. Телефон очень большой не зашел. Состояние нового 5 хороших чехлов в подарок. Причина продажи не пользуюсь. Все настройки скину при вас. Только самовывоз. Телефон новый следов эксплуатации нет. Можно в подарок. Торга нет.|128|8.0|android
58|https://www.avito.ru/orehovo-zuevo/telefony/telefon_2709941680?slocation=107620|Телефон|8000|Продам свой телефон, купил новый, айфон в идеале все работает, отправлю куда угодно, ото всего отвяжу и выйду везде при покупке. Торг есть.|64|3.0|android
59|https://www.avito.ru/moskva/telefony/samsung_galaxy_s9_plus_64gb_2730847774?slocation=107620|Samsung galaxy s9 plus 64gb|4000|Полностью рабочий, трещина на экране на работу не влияет. См. Фото. В комплекте только телефон и чехол.|64|6.0|android
60|https://www.avito.ru/lyubertsy/telefony/samsung_galaxy_a7_2018_2785709499|Samsung galaxy A7 2018|5500|Телефон в отличном состоянии, пользовалась мама, в комплекте коробка.|64|4.0|android
61|https://www.avito.ru/moskva/telefony/iphone_14_pro_max_2621951219|iPhone 14 Pro Max|87490|IPhone 14 Pro Max 128. Артикул: Lmkc43dmt6. Новый Оригинал. Характеристики: Модель: iPhone 14 Pro Max. Память: 128гб. Цвет: Темно фиолетовый. Страна: США. Sim: Esim+Esim. Цена От. Оптом И В Розницу. Условия Покупки. Цена по Дропшипинг +1.500₽. Опт От 10 шт +500₽. Опт От 5 шт +1500. Опт От 2 шт +2000₽. В Розницу +3000₽. К стоимости в Прайсе. Товар В Наличии. МЫ Продаем Технику Apple Оптом И В Розницу По Самым Низким Ценам В РФ. Актуальный Прайс Можно Скачать В Телеграмм. По Запосу Вышлим Ссылку. Есть Доставка И Самовывоз. Оплата По Факту. Без Пред Оплаты И Прочего Лохотрона. Самовывоз. ТЦ Савеловский М. Савеловская Сущевский Вал 5стр.1 Офис На 2 Этаже. 21 Подъезд. Предварительно Нужно Позвонить. C 10:00 ДО 21:00.|128|6.0|ios
62|https://www.avito.ru/orehovo-zuevo/telefony/telefon_xiaomi_redmi_note_11_pro_5g_2822609727?slocation=107620|Телефон xiaomi redmi note 11 pro 5g|14990|Так же интересует обмен на iphone 11 и выше с моей доплатой. Телефоном пользовался 5 месяцев, носил в чехле и защитном стекле. Полный комплект: Зарядное устройство. Коробка. В отличном состоянии. Есть чек. Отвязан от всех аккаунтов. Чехол в подарок. Использовался с защитным стеклом. Все детали в рабочем состоянии. Любые проверки на месте. Не вскрывался. Без сколов и дефектов.|64|6.0|android
63|https://www.avito.ru/moskva/telefony/novyy_smartfon_xiaomi_11_lite_5g_ne_2868375663?slocation=107620|Новый смартфон Xiaomi 11 lite 5g NE|19990|Два абсолютно новых смартфона Xiaomi 11 lite 5g NE. Запечатаны, версия Глобал. 8/256, цвет розовый — 21990 р. 8/128, цвет мятный — 19990р.|256|8.0|android
64|https://www.avito.ru/beloozyorskij/telefony/xiaomi_mi_max_3_6128gb_2789039904|Xiaomi Mi Max 3 6/128gb|11000|Телефон в отличном состоянии. В эксплуатации был 2 года (был куплен перед нг в 2019г). Все время в чехле, первый год была и пленка. Есть несколько потертостей по корпусу, видимо от чехла. Большой экран 6,9 дюйма, очень удобно для серфинга в интернете и просмотра видео. К сожалению таких уже не выпускают((. Уже больше года просто лежит в шкафу и не используется. Осталась коробка, отдам также кабель, блок к сожалению потерялся. Нахожусь недалеко от Бронниц и Раменского, встреча по договоренности.|128|6.0|android
65|https://www.avito.ru/mytischi/telefony/iphone_11_2750683878?slocation=107620|iPhone 11|9000|Без глупых вопросов, от телефона забыт пароль. Подойдет на запчасти.|128|4.0|ios
66|https://www.avito.ru/moskva/telefony/iphone_14_pro_128_gb_vse_tsveta_2672146838|iPhone 14 pro 128 gb все цвета|79900|Здравствуйте в наличии iPhone по лучшим ценам в Москве! Привожу товар сам по этому постараюсь сделать для Вас лучшую цену! IPhone 14 pro 128 фиолетовый. Есть доставка по Москве и МО. Пишите или звоните по цене всегда договоримся! Цены меняются из за курса! Также в профиле есть другие модели техники apple! До связи!|128|6.0|ios
67|https://www.avito.ru/moskva/telefony/iphone_6_2631510478?slocation=107620|iPhone 6|3500|Оригинальный айфон 6 (у меня есть чек и все что доказывает что он оригинал) мы можем встретиться в любое время и в любом месте (в Москве) и вы проверите телефон что все работает и тогда вы сможете его купить:). Он в отличном состоянии.|16|1.0|ios
68|https://www.avito.ru/moskva/telefony/telefon_s_internetom_senseit_l250_2752541835?slocation=107620|Телефон с интернетом senseit L250|2390|"Телефон Senseit L250 — поддержка двух Sim-карт, экран 1.77\"", разрешение 160x128, камера 2 МП, память 4 Гб, слот для карты памяти, 3G, 4G Lte, Wi-Fi, Bluetooth, объем оперативной памяти 512 Мб, аккумулятор 4000 мач, вес 167 г, шxвxт 56x123x21 мм, MP3-плеер, радио. Можно использовать как роутер, powerbank. Также можно установить разные приложения. Телефон сразу адаптирован для использования приложений! Несмотря на то, что телефон кнопочный, он не так прост как может показаться. Тут и аккумулятор на 4000 мач и функция powerbank за компанию. А теперь внимание! Есть поддержка 4G/Lte и Wi-Fi, что в связке позволяет использовать телефон в режиме ""Точка-доступа"". Еще есть поддержка Gps, а это значит, что вы сможете воспользоваться телефоном как Gps-трекером. И теперь самое главное и неожиданное — Senseit L250 работает на базе ОС Android, а на клавиатуре, например, уже сразу есть отдельная кнопка для приложения Мессенджера. Уважаемые Покупатели! Если у вас возникнут трудности с установкой приложений, вы можете обратиться к нам за помощью по QR коду, которая будет в коробке с телефоном. Мы с радостью поможем Вам, чтобы от покупки у Вас остались только положительные эмоции!"|4|0.512|android
69|https://www.avito.ru/moskva/telefony/iphone_14_pro_128_purple_2568812007|iPhone 14 Pro 128 purple|80990|IPhone 14 pro 128gb новый, запакованный. По промокоду «Авито» защитное стекло в подарок! В Связи С Нестабильностью Курса Просьба Уточнять Актуальные Цены В Сообщениях. Все телефоны запечатанные, неактивированные и имеют официальную гарантию от Apple. Перед покупкой Вы можете проверить телефон любым удобным для Вас способом. Новый и оригинальный товар. Самовывоз с магазина и доставка по Москве в день заказа. Официальная гарантия на всю технику. Оплата только после проверки товара. Выгода по программе trade-in. В наличии все цвета! Количество товара ограничено — зарезервируй уже сейчас, а забери в удобное время! В объявлении представлен: — Apple iPhone 14 Pro 128Гб фиолетовый (Deep Purple). Пишите и резервируйте телефон уже сейчас, а платите потом! На все интересующие вас вопросы просьба писать в сообщения Авито. Звоните когда будете подъезжать. Наш магазин работает ежедневно: — Каждый день с 11 до 20. — Отвечаем на сообщения с 10 до 22. Адрес: ул Барклая 8 (ТЦ Горбушка).|128|6.0|ios
70|https://www.avito.ru/moskva/telefony/xiaomi_redmi_9_4_64_2773209233|Xiaomi redmi 9 4 /64|4800|Продаю, в очень хорошем состояние, в комплекте шнур, 2 чехла, или обмен, пишите лучше сюда.|64|4.0|android
71|https://www.avito.ru/moskva/telefony/oukitel_f150_r2022_2733411785?slocation=107620|Oukitel f150 r2022|11999|Телефон новый, пользовались мало, комплект полный, Акб в примерно 95-100%. Торг увместен.|256|8.0|android
72|https://www.avito.ru/moskva/telefony/one_plus_10_pro_5g_256gb_eu_ne2213_2666942360?slocation=107620|One Plus 10 Pro 5G 256gb EU NE2213|47500|Добро пожаловать в Авито магазин updatemob. One Plus 10 Pro 12/256gb NE2213. Цвета: черный и зелёный. Гарантия 1 год. Внимание! В Связи СО Сложившейся Ситуацией, Цены В Наших Объявлениях Могут Быть Не Актуальными! Пожалуйста Уточняйте Цену В Чате! Коробка запечатана заводскими пломбами. У нас только оригинальная продукция с гарантией. Доставка. Доставим заказ по Москве в день обращения; (доставка осуществляется в день заказа или на следующий день по договорённости, так же стоимость доставки уточните у оператора). В удобное для Вас время. Курьер позвонит за 1 час. Доставка через Сдэк (Просим отметить, что данные заказы возможны только при 100% предоплате!). Самовывоз. Забрать свой заказ самостоятельно Вы можете в нашем магазине по адресу: Ⓜ Савеловская. Москва, ул. Сущевский вал, д. 5 стр 1А, ТК «Компьютерный». 2 этаж, 2Е13 павильон. Магазин работает с 11.00 до 20.00. Варианты Оплаты. – наличными. – перевод на карту Сбербанка. – кредит и рассрочка отсутствует. Убедительно просим Вас ставить в Резерв интересующий Вас товар. Товар в резерве находится до конца рабочего дня.|256|12.0|android
73|https://www.avito.ru/moskva/telefony/iphone_8_64gb_2749869719|iPhone 8 64gb|9500|Телефон был куплен мной в 2018 году в Связном (Рст). Следы эксплуатации минимальны (носил в чехле и с защитным стеклом), есть совсем небольшая царапина на металле на левом верхнем углу. Аккумулятор 79%. Год назад поменял разговорный динамик. В прошлом году купил новый телефон, этот все это время с мая 2022 года лежит в коробке. Продаю за ненадобностью (без зарядки и наушников).|64|2.0|ios
74|https://www.avito.ru/moskva/telefony/iphone_se_2020bu_2835510790|iPhone SE 2020бу|8000|Срочно Продаю Красный Айфон SE2020 64гб. Состояние Акб 79%. Телефон не вскрывался и ничего не менялось. Коробка от него есть.|64|2.0|ios
75|https://www.avito.ru/moskva/telefony/originalnye_iphone_11_pro_64gb_zolotye_garantiya_2528266147?slocation=107620|Оригинальные iPhone 11 pro 64гб золотые гарантия|25990|Приветнаш интернет-магазин «Tushino-Mobile» занимается продажей оригинальной, восстановленной техники Apple, а также аксессуаров к ним. Свежие яблоки. IPhone 11 Pro 64гб золотые. Faceid работает. Любые цвета и любой объем памяти, узнавайте. Оригинал % на Ios, не копия. В заводских пленках. Гарантия на всю технику. Полный комплект(девайс, коробка, провода). Любые проверки. Аккумулятор в каждом устройстве новый- не отображается емкость в настройках(держит заряд отлично). Экран заводской аналог, функция True Tone отключена. Также на выбор предоставляем чехлы/стёкла/плёнки. Работаем каждый день с 10:00 до 20:00. Перед выездом обязательно звоните.|64|4.0|ios
76|https://www.avito.ru/moskva/telefony/iphone_13_2748782848?slocation=107620|iPhone 13|45000|Продаю iphone 13. 128 гб. Состояние идеальное, телефон носился в чехле и с защитной плёнкой. Полный комплект: оригинальный адаптер, кабель для зарядки, 2 чехла и запасная плёнка. Телефон был приобретён месяц назад в М. Видео. Чек и гарантия имеется. Город Москва.|128|4.0|ios
77|https://www.avito.ru/moskva/telefony/asus_zenfone_max_pro_m1_464_2842588934|Asus zenfone max pro m1 4/64|3800|В хорошем состоянии, все работает, Дисплей под пленкой, зарядка есть, но не родная. Если об'явление висит, оно актуально. Чехол есть, но состояние — на троечку…|64|4.0|android
78|https://www.avito.ru/moskva/telefony/telefon_iphone_7_128gb_2767754629?slocation=107620|Телефон iPhone 7 128gb|5500|Хорошее состояние, заменён аккумулятор, носился бережно в хорошем чехле, есть небольшие потертости снизу на фото видно. Умеренно пользуюсь как вторым телефоном в домашних условиях. В комплекте — оригинальная коробка и чехол, всё работает прекрасно, без нареканий.|128|2.0|ios
79|https://www.avito.ru/moskva/telefony/telefon_iphone_8_plus_64_2792300878|Телефон iPhone 8 plus 64|12000|Продаю свой телефон, который служил верой и правдой на протяжении нескольких лет. Носился бережно, в чехле, с защитным экраном. Ростест — покупался в ноябре 2020 в Мегафоне ТЦ Тройка, что на Красносельской. Состояние около идеал, Акб 88%. Телефон в новом бронестекле. Торга нет. Обмен не интересует. Лучше пишите, не всегда есть возможность ответить. С продажей не тороплюсь, не продам за эти деньги — оставлю себе, в качестве рабочего. Спасибо за понимание.|64|3.0|ios
80|https://www.avito.ru/moskva/telefony/samsung_galaxy_s22_ultra_5g_2797770571|Samsung Galaxy S22 Ultra 5G|33000|Samsung Galaxy S22 Ultra 5G 512gb. С первых дней в чехле и бронь плёнки. Работоспособность 100%. В ремонте не был. Заряда хватает на весь день. Полный комплект.|512|12.0|android
81|https://www.avito.ru/fryanovo/telefony/leeco_le_pro_3_2776850470|Leeco le pro 3|3500|Телефон в хорошем состоянии всё работает возможен обмен.|32|4.0|android
82|https://www.avito.ru/moskva/telefony/xiaomi_mi_note_10_lite_8_128g_obmen_2748293200|Xiaomi mi note 10 lite 8 128g обмен|13800|Продам свой аппарат, в идеальном состояние! В ремонте не был, на экране матовая защитная плёнка! Все видно на фото, царапин сколов нету. Телефон очень шустрый. Полный комплект: Зарядное устройство. Коробка. 5 чехол идёт в подарок! Обмен доплата в обе стороны, Honor, Samsung, Xiaomi!|128|8.0|android
83|https://www.avito.ru/moskva/telefony/iphone_13_128gb_vse_tsveta_2530195153|iPhone 13 128gb все цвета|55990|В нашем магазине filin-smart вы можете купить новый, оригинальный Iphone 13 128 gbзапакованный, не обменный и не восстановленный. Мы работаем на рынке 12 лет и хорошо зарекомендовали себя среди покупателей, поэтому предлагаем вашему вниманию полный асортимент от компании Apple на любой вкус и цвет. Предоставляем товарный и кассовый чек. Год гарантии от нашего магазина14 дней на обмен/возврат для проверки качества. Оплата при полученииоплата по карте Скидки постоянным клиентамсвой интернет-магазин filin-smartтрейд-Ин обмен старой техники на новую с доплатойперед покупкой проверка на официальном сайте. Самовывоз: каждый день с 10.30 до 20:00 Доставка: по Москве и Московской областиотправка в регионы компанией сдекцена может меняться из-за курса доллара. Уточняйте наличие и цену в сообщениях либо по телефону. Наши продавцы всегда проконсультируют и предложат что лучше выбратьмы дорожим своей репутацией и гарантируем что наш товар исключительно новый и оригинальный. Всегда на связи! Наш магазин находится по адресуметро Фили Багратионовский проезд д7к20в Бизнес центр Конвент 346 офисбесплатная парковка ТЦ Филион 2 часа бесплатно Мы не горбушка, не путайте пожалуйста находимся в соседнем здании.|128|4.0|ios
84|https://www.avito.ru/moskva/telefony/telefon_realmi_30s_2840629268?slocation=107620|Телефон реалми 30с|4500|Телефон бу. Реалми 30 С. Без комплектации.|32|2.0|android
85|https://www.avito.ru/moskva/telefony/nashel_telefon_iphone_13_vrode_pro_2761146740|Нашел телефон iPhone 13 вроде про|3000|Нашёл 13про, отдам владельцу или продам чужому, по низкой цене потому что, просит пароль от Айклауда, не хочу заморачиваться с этим, да понимаю это будет огромный +, но не хочу.|256|6.0|ios
86|https://www.avito.ru/mozhaysk/telefony/telefon_iphone_se_2020_2754985505|Телефон iPhone SE 2020|12500|Продаю телефон в использовании был 2 года, есть небольшие царапины на экране в следствии носки телефона, в комплекте только коробка, емкость аккумулятора 80%, не вскрывался, разумный торг реальному покупателю.|64|3.0|ios
87|https://www.avito.ru/moskva/telefony/telefon_iphone_8_plus_256gb_2756695785?slocation=107620|Телефон iPhone 8 plus 256гб|14000|В отличном состоянии! Использовался с защитным стеклом. Ростест. Отвязан от всех аккаунтов. Чехол в подарок. Все детали в рабочем состоянии. Кроме Акб в телефоне ничего не меняли всё родное! Любые проверки на месте. Дополнительно наушники и зарядка +2000 руб.|256|3.0|ios
88|https://www.avito.ru/moskva/telefony/iphone_xs_64gb_idealnyy_s_chekom_2777032718|iPhone XS 64gb идеальный с чеком|18000|Продаётся Айфон XS с 64 gb встроенной памяти. Цвет: чёрный (Space Gray). У меня появился вчера, за это время я достал одни раз, сделал фото и убрал обратно в коробку. Если вы искали именно новое устройство — это отличный вариант. Весь комплект. Чек есть и по нему годовая гарантия. Face ID, True Tone, состояние аккумулятора 100% — проверил при активации. При встречи возможно любые проверки с вашей стороны. Это была награда за призовое место в корпоративном конкурсе, который я сразу себе оставлять не планировал. Без торга. Не тратьте моё и своё время. Только личная встреча. Звонок — лучший способ связи, личные сообщения не проверяю.|64|4.0|ios
89|https://www.avito.ru/moskva/telefony/apple_iphone_xr_64gb_2914220022|Apple iPhone xr 64gb|14000|Продаю iphone xr 64gb в отличном состоянии без дефектов, без ремонтов, полностью в оригинале все работает как нужно, в комплекте коробка с документами, наушники утеряны, зарядка оригинальная утерена. Аккумулятор 84% держит сутки. Любые проверки при покупателе отвяжу от всех акаунтов. С телефоном отдам пару новых стекл. Состояние близко к новому.|64|3.0|ios
90|https://www.avito.ru/moskva/telefony/iphone_13_pro_max_256gb_graphite_akb_100_2840644473|iPhone 13 Pro Max 256GB Graphite акб 100|54990|Цена Строго Без Торга. Прежде Чем Писать, Читайте Описание. IPhone 13 Pro Max/ 256GB/ Graphite. Состояние новое, телефон не использовался в России. Экран без каких либо царапин. Установлено дорогое защитное стекло. Идеал. Работает С Р-Сим! Р-Сим В Комплекте, Помогу Настроить Под Вашу Симкарту. Весь функционал рабочий. По функциям нет никаких нареканий. Любые проверки возможны: - Face ID, Камеры, Звуки, Wi-Fi, Bluetooth, Сеть. Аккумулятор соответственно 100%! Заряд держит отлично. Хватает на день активного пользования. В комплекте: телефон, коробка, провод, чехол. Торгашей Сразу Блокирую.|256|8.0|ios
91|https://www.avito.ru/moskva/telefony/iphone_14_pro_max_256vse_tsveta_2677150354?slocation=107620|iPhone 14 pro max 256(все цвета)|99000|IPhone 14 про мах 256. Новые. Запечатанные. Оперативно доставим до вашей точки 24/7. В любое время суток, сэкономив ваше время. Подарим стекло и чехол. Поможет перекинуть данные. Выкупим ваш старый телефон. Хорошего дня.|256|6.0|ios
92|https://www.avito.ru/moskva/telefony/telefon_redmi_9c_2686633613?slocation=107620|Телефон Redmi 9c|3500|Зарядное устройство. Чехол в подарок. Экран битый.|128|2.0|android
93|https://www.avito.ru/balashiha/telefony/iphone_14_pro_max_512gb_deep_purple_2825957411?slocation=107620|iPhone 14 Pro Max 512Gb Deep Purple|11999|Всем доброго дня. За 5 лет работы в этой сфере я нашёл самых надежных поставщиков, и покупая у меня Вы получаете именно то что искали. Это Подтверждается Отзывами Моих Покупателей! Новый iPhone 14 Pro Max 512Gb Deep Purple. 2 Сим Карты. Полный комплект: коробка, шнур для зарядки, скрепка, новый чехол! Есть видео-обзор на этот iPhone (Кому интересен пишите на Ватсап и я скину Вам видео). По всем вопросам пишите на whatsapp. Мой личный номер указан на видео-обзоре прикрепленному в объявлении. Работает доставка по Москве и в любую точку России. Почта, Сдэк, Яндекс Доставка. Уверен что он Вам точно понравится. Добавьте Объявление В Избранное Что БЫ Не Потерять, И Подпишитесь На Мой Профиль Что БЫ Не Пропустить Самые Интересные Предложения. Айфон 14 Про Макс Фиолетовый.|256|4.0|ios
94|https://www.avito.ru/moskva/telefony/samsung_galaxy_s22_8256_sm901eds_black_2539794588?slocation=107620|Samsung Galaxy S22 8/256 SM901E/DS Black|54000|Добро пожаловать в Авито-магазин updatemob. Гарантия 1 год. Samsung Galaxy S22 8/256gb Phantom Black SM-S901E/DS. Samsung pay не работает. Мир pay работает. Коробка запечатана заводскими пломбами. У нас только оригинальная продукция с гарантией. При покупки выдаём кассовый и товарный чек. Доставка. Доставим заказ по Москве в день обращения; (доставка осуществляется в день заказа или на следующий день по договорённости, так же стоимость доставки уточните у оператора). В удобное для Вас время. Курьер позвонит за 1 час. Также действует доставка по России через «авито-доставка», курьерскую службу Boxberry либо Сдэк. Просим отметить, что данные заказы возможны только при 100% предоплате! Самовывоз. Забрать свой заказ самостоятельно Вы можете в нашем магазине по адресу: Ⓜ Савеловская. Москва, ул. Сущевский вал, д. 5 стр 1А, ТК «Компьютерный». 2 этаж, 2Е13 павильон. Магазин работает с 11:00 до 20:00. Варианты Оплаты. – наличными. – перевод на карту Сбербанка. – кредит и рассрочка отсутствует. Убедительно просим Вас ставить в Резерв интересующий Вас товар. Товар в резерве находится до конца рабочего дня.|256|8.0|android
95|https://www.avito.ru/moskva/telefony/telefon_samsung_galaxy_a71_2860655697?slocation=107620|Телефон samsung galaxy a71|10500|Телефон бу в отличном состоянии, продаю без проводов и коробки, цвет Синий.|128|6.0|android
96|https://www.avito.ru/nekrasovskiy/telefony/telefon_iphone_2715885410|Телефон iPhone|13000|Продам iphone XR, не работает True Tone в связи с заменой стекла, есть небольшие царапины на корпусе, носила всегда в чехле и стеклом, Комплекта и Коробки Нет! Цена окончательная, без торга! Причина продажи-новая модель. Только самовывоз.|128|3.0|ios
97|https://www.avito.ru/vidnoe/telefony/mobilnye_telefony_bu_samsung_a_51_2899792368?slocation=107620|Мобильные телефоны бу samsung a 51|10000|В отличном состоянии. Коробка, зарядник.|64|4.0|android
